customer_id,age,annual_income,spending_score,purchase_frequency,avg_transaction_value,membership_years,website_visits_month,returns_rate,churn
1,65,148317,80,18,486,8,46,0.25,0
2,22,110847,66,16,49,9,24,0.45,0
3,43,146771,8,32,66,6,15,0.16,0
4,72,79324,98,36,394,2,38,0.43,0
5,21,60594,30,52,650,7,22,0.15,0
6,37,112176,27,50,436,4,7,0.07,0
7,41,76019,28,28,355,5,17,0.06,0
8,57,137247,48,18,133,11,30,0.13,0
9,46,121551,47,10,219,1,34,0.46,0
10,32,25323,53,3,649,4,41,0.4,0
11,41,65431,79,10,291,2,22,0.37,0
12,26,62491,4,3,251,0,3,0.15,0
13,43,25839,28,50,230,7,22,0.11,0
14,64,42008,17,29,307,6,42,0.18,0
15,60,134328,60,7,63,5,12,0.33,0
16,44,60398,77,51,140,6,47,0.08,0
17,26,128175,81,54,54,5,16,0.26,0
18,57,91893,54,41,293,10,31,0.18,0
19,56,40376,72,35,602,11,12,0.38,1
20,22,46244,72,2,534,7,22,0.32,0
21,66,109994,78,49,549,2,46,0.07,0
22,25,75535,76,29,387,0,36,0.15,0
23,62,96300,19,45,16,4,28,0.4,0
24,18,138602,10,25,359,5,3,0.44,1
25,29,103877,45,34,212,4,26,0.26,1
26,73,112269,10,44,54,9,48,0.41,0
27,24,121589,3,23,124,0,38,0.11,0
28,37,84583,98,48,277,2,7,0.2,0
29,62,89280,69,2,298,2,13,0.32,0
30,23,126568,3,30,25,8,20,0.01,0
31,74,98429,95,43,452,9,36,0.26,0
32,42,133387,89,49,53,6,38,0.43,0
33,73,91667,70,54,6,8,19,0.11,0
34,71,74391,67,58,243,0,6,0.01,1
35,66,148098,50,7,477,2,36,0.32,1
36,18,137349,73,35,603,7,18,0.33,0
37,52,76919,67,35,476,2,28,0.12,0
38,74,109612,25,39,313,2,4,0.16,0
39,27,70205,89,31,522,11,31,0.17,0
40,32,89750,50,56,555,3,15,0.04,0
41,56,35907,47,48,660,8,0,0.37,0
42,22,124756,39,46,384,10,12,0.11,0
43,64,79648,53,26,344,3,20,0.39,0
44,27,112498,75,24,145,0,40,0.33,1
45,41,31555,90,38,116,3,22,0.05,0
46,53,104957,72,40,137,6,20,0.37,0
47,21,33985,24,58,368,7,23,0.07,0
48,26,64789,20,35,217,7,37,0.33,0
49,37,38251,3,9,22,9,30,0.04,0
50,66,82349,74,9,639,8,40,0.29,1
51,19,68904,38,51,342,10,6,0.22,0
52,18,41657,44,36,48,6,12,0.26,0
53,34,71922,86,12,215,1,0,0.37,0
54,72,82127,54,53,559,7,20,0.37,0
55,49,137279,48,58,559,10,13,0.02,0
56,47,39823,9,58,329,10,30,0.08,0
57,62,73083,32,44,182,1,20,0.49,0
58,46,111860,28,50,68,0,6,0.22,0
59,25,77276,67,56,396,4,8,0.41,0
60,41,49344,86,11,314,11,41,0.28,0
61,28,73642,89,53,159,9,12,0.39,1
62,59,75887,68,22,423,6,46,0.04,0
63,53,60292,55,26,581,10,3,0.25,1
64,18,30733,23,41,56,5,36,0.38,1
65,25,71663,30,56,54,4,41,0.21,0
66,41,105123,42,57,607,2,25,0.36,0
67,46,121690,36,46,223,2,26,0.42,0
68,73,38500,26,10,493,1,25,0.41,1
69,50,27793,31,33,316,7,28,0.1,0
70,39,51915,9,12,475,10,35,0.45,0
71,54,39962,23,59,158,2,21,0.29,0
72,53,28241,71,43,695,11,30,0.09,0
73,51,148604,70,39,184,2,23,0.4,0
74,21,135522,62,33,340,8,42,0.13,0
75,45,30939,88,41,165,1,5,0.17,0
76,51,128685,33,11,26,5,20,0.21,0
77,37,114526,44,32,415,5,10,0.25,0
78,45,143652,46,10,219,0,4,0.09,1
79,22,126119,96,11,277,2,37,0.43,0
80,37,98123,61,5,121,10,3,0.41,1
81,51,119799,43,23,164,4,4,0.15,1
82,48,101072,5,21,143,3,22,0.49,1
83,55,126636,81,42,252,0,36,0.03,0
84,27,85827,3,18,360,0,29,0.06,0
85,47,111536,70,25,394,2,33,0.38,1
86,35,145897,48,20,621,1,17,0.12,0
87,49,117692,56,30,321,3,6,0.1,0
88,20,80554,23,50,296,2,41,0.01,0
89,37,52310,94,41,332,0,16,0.16,0
90,68,29587,25,42,549,8,21,0.04,0
91,36,102901,85,13,194,10,48,0.32,0
92,39,115888,85,24,379,8,19,0.0,0
93,73,114493,49,45,187,8,23,0.22,0
94,21,44595,83,35,596,5,9,0.44,0
95,29,90600,66,41,468,2,13,0.28,0
96,65,70066,79,41,196,10,20,0.16,0
97,34,62737,62,23,314,9,11,0.05,0
98,30,130080,89,7,267,9,9,0.48,1
99,47,27929,70,29,627,1,32,0.01,0
100,61,117577,33,22,688,10,32,0.25,0
101,59,69827,69,58,28,8,35,0.18,0
102,27,102855,21,3,26,0,26,0.38,1
103,30,103731,64,19,296,11,15,0.3,0
104,21,110023,32,5,107,4,17,0.47,0
105,64,46476,49,24,462,6,46,0.48,0
106,32,85193,33,9,370,9,43,0.36,1
107,38,101041,94,14,306,2,26,0.24,0
108,71,138373,75,30,275,3,8,0.27,0
109,33,146678,50,27,620,0,32,0.46,1
110,53,143850,53,15,533,9,28,0.37,0
111,66,125555,28,45,196,2,49,0.37,0
112,22,88478,24,38,333,8,29,0.47,1
113,61,106401,11,39,481,3,12,0.19,0
114,26,71201,82,28,58,8,10,0.42,0
115,44,134889,86,19,51,10,10,0.38,0
116,72,107402,39,52,300,3,45,0.19,0
117,61,70759,9,9,465,4,12,0.38,1
118,65,87545,11,46,277,6,13,0.05,0
119,41,143917,4,13,690,8,41,0.01,0
120,31,102423,58,19,14,3,32,0.44,0
121,68,80739,31,46,143,1,17,0.49,0
122,57,120910,56,4,258,5,42,0.22,0
123,21,51463,67,20,340,8,24,0.19,0
124,47,139738,1,16,127,4,22,0.11,0
125,30,48694,50,55,30,11,4,0.47,1
126,30,69534,38,53,682,5,2,0.13,0
127,33,146976,86,18,274,7,16,0.32,0
128,47,110462,34,1,304,4,12,0.41,1
129,26,83768,88,48,51,3,7,0.23,0
130,72,95512,6,32,290,9,6,0.48,1
131,56,36013,20,8,256,10,48,0.18,1
132,71,122137,3,24,24,2,34,0.39,0
133,24,126799,27,47,477,5,8,0.11,0
134,39,147708,6,27,439,4,33,0.24,0
135,62,121380,55,42,683,7,22,0.35,0
136,45,102698,12,30,679,9,8,0.13,0
137,25,117182,62,44,224,10,34,0.42,0
138,35,41772,48,39,54,10,24,0.47,0
139,60,73878,39,55,580,0,8,0.14,0
140,65,114313,98,36,214,8,3,0.25,1
141,23,39183,47,9,349,7,13,0.01,0
142,54,125915,21,11,175,11,23,0.2,0
143,70,53000,4,20,275,3,37,0.3,0
144,59,114560,57,3,140,7,43,0.08,1
145,59,92249,69,51,376,11,42,0.49,0
146,47,73950,62,56,648,6,2,0.09,0
147,44,79154,7,46,433,0,40,0.25,0
148,18,56760,24,19,582,3,47,0.0,0
149,40,145233,80,23,313,4,30,0.15,0
150,52,62344,49,53,252,2,10,0.4,1
151,30,104223,94,45,584,0,19,0.2,1
152,24,56347,37,58,55,2,42,0.43,1
153,58,34658,8,50,625,6,0,0.41,1
154,52,130107,48,33,172,1,14,0.22,0
155,60,117946,7,52,585,9,45,0.08,0
156,64,111956,12,32,265,4,34,0.4,0
157,70,81018,70,37,120,1,48,0.46,0
158,67,79713,89,24,65,5,24,0.12,0
159,47,132520,30,21,412,7,44,0.04,0
160,56,67508,75,26,124,5,1,0.42,1
161,60,91605,62,4,533,1,21,0.3,0
162,35,123581,30,13,5,3,45,0.13,0
163,23,144568,52,4,325,9,29,0.09,1
164,33,57942,43,8,154,3,4,0.25,1
165,67,38787,53,44,258,0,3,0.46,1
166,72,143716,55,28,541,6,15,0.08,0
167,30,25466,90,17,631,3,40,0.36,1
168,59,100023,75,12,31,11,46,0.13,0
169,58,96018,23,32,343,9,1,0.3,0
170,46,102050,17,17,459,5,37,0.22,0
171,72,96644,81,39,552,1,7,0.28,1
172,65,67387,99,5,584,11,7,0.07,0
173,55,137330,81,4,268,0,0,0.43,1
174,27,140701,77,27,282,9,17,0.49,0
175,41,51540,68,15,23,2,37,0.25,0
176,39,44947,51,53,202,3,11,0.2,0
177,22,29697,27,57,434,9,38,0.4,1
178,45,125160,93,20,88,2,43,0.08,0
179,30,35840,62,25,93,7,22,0.04,0
180,59,49096,38,4,502,7,16,0.36,1
181,29,103375,90,13,45,7,13,0.27,1
182,24,39000,87,51,209,0,37,0.32,1
183,74,44877,9,18,468,9,30,0.01,0
184,51,141346,66,7,81,7,4,0.43,1
185,39,48591,32,10,140,4,36,0.33,1
186,39,108854,42,46,633,11,3,0.06,0
187,48,124867,47,28,531,10,2,0.33,0
188,61,127835,31,14,560,8,48,0.49,0
189,46,25753,93,56,10,6,12,0.13,0
190,74,60586,5,39,246,6,0,0.47,0
191,69,129950,57,16,411,8,40,0.48,0
192,73,51833,49,16,270,7,35,0.42,0
193,73,111712,92,35,594,6,34,0.24,0
194,30,29737,58,14,429,6,40,0.22,0
195,30,27542,50,5,138,11,8,0.18,1
196,63,41194,91,44,169,11,48,0.39,0
197,54,115354,10,45,379,3,12,0.08,0
198,25,41367,27,31,542,6,4,0.27,0
199,39,77254,30,18,540,0,12,0.27,0
200,59,123633,53,6,83,6,9,0.47,0
201,56,108159,20,57,386,1,37,0.45,1
202,33,76952,69,13,202,0,7,0.24,1
203,61,109804,93,41,143,0,15,0.3,0
204,36,43733,42,22,604,2,40,0.35,0
205,46,127188,80,41,496,11,22,0.27,0
206,34,89100,93,10,358,11,22,0.14,0
207,23,92486,16,31,204,7,41,0.08,0
208,53,61944,25,59,91,0,44,0.28,0
209,31,140781,30,51,265,2,32,0.22,0
210,50,92252,2,4,457,3,42,0.14,0
211,71,62543,59,37,473,10,13,0.17,0
212,41,67733,20,56,358,5,38,0.02,0
213,49,67433,47,21,171,7,20,0.28,0
214,51,133762,97,39,695,9,34,0.04,0
215,63,124119,83,38,640,11,0,0.05,0
216,58,41122,68,32,581,6,21,0.39,1
217,70,43047,33,31,474,4,47,0.05,0
218,45,57333,89,13,674,10,31,0.35,1
219,32,143219,1,5,6,11,35,0.24,0
220,63,75471,57,28,231,0,49,0.12,0
221,59,56627,80,5,76,8,9,0.29,1
222,60,122121,25,21,214,7,41,0.26,0
223,50,113869,99,58,101,10,15,0.46,0
224,52,66270,75,45,159,7,31,0.48,0
225,49,43008,88,5,42,2,32,0.23,0
226,66,50498,35,52,399,5,7,0.18,0
227,73,81276,21,54,190,8,31,0.29,0
228,56,59720,56,39,373,4,42,0.06,0
229,36,59214,53,55,424,9,4,0.26,0
230,27,142881,68,12,248,2,22,0.05,0
231,27,61147,14,44,348,9,23,0.14,0
232,31,139140,91,9,545,2,8,0.38,1
233,39,91386,33,59,389,8,14,0.39,0
234,61,102936,16,4,327,8,45,0.24,1
235,19,117801,66,31,346,0,31,0.48,0
236,49,28500,33,39,406,9,3,0.08,0
237,32,60658,2,8,105,2,21,0.16,0
238,34,89511,87,30,64,10,37,0.3,0
239,66,132056,62,56,349,3,29,0.22,0
240,43,81680,2,18,70,5,0,0.32,0
241,67,118983,86,37,15,1,16,0.04,0
242,64,103823,15,43,694,2,46,0.36,1
243,51,29255,9,19,15,4,17,0.08,0
244,39,105305,93,10,184,8,11,0.14,0
245,37,51127,20,19,207,10,14,0.09,0
246,36,50261,4,1,41,6,26,0.36,1
247,18,44193,74,32,630,11,19,0.02,0
248,31,79150,91,34,563,4,27,0.49,0
249,28,34721,24,42,426,11,23,0.19,0
250,70,79868,44,15,599,2,39,0.12,0
251,45,134206,66,53,332,2,17,0.16,0
252,46,55600,48,58,174,8,20,0.25,0
253,26,146745,24,42,304,7,43,0.12,0
254,73,35783,56,6,678,5,23,0.38,0
255,51,96111,92,13,296,9,22,0.38,0
256,54,77522,60,11,300,0,10,0.31,0
257,43,141553,83,29,487,3,48,0.45,0
258,62,93965,28,33,27,3,4,0.36,1
259,69,101797,11,6,461,7,28,0.08,1
260,72,112967,32,37,326,5,30,0.13,0
261,60,84706,57,45,499,6,7,0.24,0
262,46,102640,85,29,355,5,1,0.15,0
263,25,86862,4,34,242,0,21,0.2,0
264,67,42585,53,32,180,2,43,0.24,0
265,33,81046,40,50,650,11,33,0.39,0
266,18,146216,91,19,418,2,44,0.27,0
267,36,50367,55,4,376,4,4,0.42,1
268,57,102408,97,54,553,11,16,0.3,1
269,62,95663,54,17,456,7,23,0.0,0
270,66,50856,78,48,616,5,36,0.49,0
271,18,112355,8,22,409,10,9,0.07,0
272,62,128582,27,42,221,9,17,0.2,0
273,27,98691,60,29,147,7,37,0.01,0
274,64,131979,47,26,593,11,29,0.26,0
275,74,92834,62,4,623,3,44,0.34,0
276,52,95576,89,41,446,4,17,0.14,0
277,66,37692,92,22,206,0,33,0.46,1
278,61,68200,49,7,451,0,28,0.07,1
279,23,44259,18,20,391,10,12,0.47,0
280,39,149648,30,58,686,3,44,0.39,1
281,34,61342,30,3,171,2,48,0.08,1
282,59,110762,22,1,402,8,35,0.05,0
283,29,94830,76,17,30,9,12,0.03,0
284,60,125514,99,28,41,2,48,0.29,1
285,50,43288,56,17,174,3,24,0.13,0
286,58,39001,48,37,398,7,36,0.49,1
287,54,101365,71,18,383,9,9,0.06,0
288,23,88853,70,20,156,10,10,0.4,1
289,46,26270,74,7,283,6,8,0.19,0
290,61,62916,11,50,583,10,0,0.01,1
291,47,84268,78,9,216,5,22,0.37,0
292,67,95649,55,32,428,4,39,0.29,0
293,64,122470,66,2,235,4,24,0.11,0
294,60,58071,36,12,172,3,33,0.18,0
295,70,25148,6,20,113,10,15,0.08,0
296,66,127033,5,34,314,5,47,0.07,0
297,49,44751,12,21,154,5,45,0.28,0
298,25,111998,63,24,616,3,30,0.27,1
299,46,79610,51,36,607,4,37,0.1,0
300,65,116615,49,16,462,4,11,0.15,0
301,68,92671,19,30,456,3,6,0.5,0
302,66,134070,10,59,431,0,39,0.18,0
303,32,122808,5,4,297,6,21,0.24,0
304,65,30265,28,47,178,1,40,0.08,0
305,31,86575,62,46,424,9,17,0.01,0
306,37,64229,49,49,489,0,15,0.31,1
307,59,129775,26,30,34,1,44,0.12,1
308,31,34458,3,47,219,10,0,0.37,0
309,42,35275,42,57,559,3,7,0.12,0
310,21,116504,17,25,294,10,12,0.18,0
311,25,138088,60,10,660,9,33,0.32,0
312,67,113469,66,42,540,1,45,0.35,1
313,60,67845,45,57,441,10,48,0.17,0
314,50,112198,99,22,386,4,44,0.36,0
315,51,26097,31,39,577,3,48,0.28,1
316,29,136289,70,11,26,10,48,0.41,0
317,45,100309,47,55,573,5,47,0.38,0
318,22,84320,39,48,603,7,27,0.41,0
319,56,66840,91,12,232,10,30,0.13,0
320,49,57905,76,50,304,3,12,0.04,0
321,67,33833,68,11,678,1,13,0.0,0
322,48,126268,59,50,343,3,30,0.17,0
323,32,84408,34,59,368,1,17,0.21,1
324,62,95287,59,32,617,4,49,0.13,0
325,61,127894,64,3,387,0,8,0.08,0
326,30,32786,89,5,512,5,13,0.21,0
327,34,85634,53,14,146,8,21,0.15,0
328,67,130081,15,54,275,5,37,0.02,0
329,44,128459,53,47,616,9,28,0.42,1
330,50,44394,50,53,7,11,40,0.26,0
331,61,42427,82,46,645,7,4,0.09,1
332,51,120301,33,25,244,6,4,0.17,0
333,26,90090,66,26,271,0,29,0.29,0
334,70,128904,37,7,497,4,0,0.05,0
335,48,112784,64,34,387,3,32,0.26,0
336,51,61646,49,20,180,10,30,0.37,1
337,33,79303,25,30,584,1,2,0.08,1
338,40,98227,26,18,195,4,34,0.25,0
339,74,125054,21,41,404,8,13,0.45,0
340,71,138471,22,44,62,6,21,0.35,0
341,52,103784,86,2,539,10,47,0.22,0
342,30,148925,15,39,29,4,6,0.01,0
343,22,55463,27,13,687,3,32,0.47,0
344,62,139219,78,19,456,6,6,0.49,0
345,73,43433,93,17,305,2,10,0.39,0
346,38,77878,54,11,693,3,22,0.11,0
347,61,149498,1,53,634,7,47,0.29,0
348,67,73567,12,2,165,11,48,0.4,0
349,36,62027,50,29,113,8,36,0.27,1
350,74,62002,66,19,239,7,26,0.49,1
351,39,84106,9,49,533,7,39,0.3,0
352,68,29730,42,4,64,11,47,0.0,1
353,40,135257,90,36,448,5,0,0.15,0
354,36,28078,75,24,617,2,11,0.5,0
355,23,30386,89,42,108,2,30,0.49,1
356,57,52822,97,45,59,2,16,0.46,0
357,73,111841,70,49,447,11,38,0.1,0
358,23,143682,75,26,298,7,34,0.13,0
359,23,80925,5,38,600,9,34,0.3,0
360,24,75030,65,25,184,2,45,0.02,0
361,49,103343,83,49,98,5,36,0.45,1
362,47,107239,25,48,280,2,36,0.24,0
363,34,129669,1,5,223,11,8,0.37,0
364,60,140614,65,2,346,11,30,0.31,0
365,72,139794,62,8,307,3,22,0.18,0
366,64,138837,26,20,541,3,40,0.45,1
367,22,26880,74,28,36,10,23,0.12,0
368,64,52692,38,55,399,9,27,0.26,0
369,56,27760,27,58,474,0,13,0.21,1
370,31,77152,45,10,473,8,47,0.36,0
371,20,139552,64,28,354,8,33,0.35,1
372,30,120449,52,20,13,4,30,0.23,0
373,72,148423,64,9,605,4,5,0.17,0
374,42,121041,99,14,352,5,44,0.1,0
375,45,75026,10,17,391,11,22,0.02,0
376,73,25088,20,53,189,1,21,0.22,0
377,34,126966,38,54,20,1,0,0.0,1
378,64,44001,17,15,235,10,36,0.18,0
379,23,81291,60,53,684,8,35,0.48,0
380,58,33527,22,10,123,0,38,0.33,0
381,47,145330,95,15,565,4,26,0.21,0
382,27,106313,56,56,394,2,47,0.47,0
383,62,142834,70,28,76,8,34,0.5,1
384,73,36903,28,28,547,10,39,0.39,0
385,57,117394,56,19,29,2,22,0.15,0
386,32,121560,6,49,279,1,12,0.44,1
387,24,131971,14,50,24,0,43,0.4,1
388,20,39124,4,38,134,8,29,0.32,1
389,55,94681,20,24,460,4,44,0.23,0
390,40,132549,10,23,151,9,27,0.13,0
391,67,149703,11,33,260,8,4,0.15,0
392,64,85424,44,35,70,9,20,0.26,0
393,27,91814,26,33,171,9,20,0.25,0
394,53,112664,72,8,495,11,10,0.23,1
395,33,110753,61,44,341,6,5,0.4,0
396,38,67440,3,30,587,10,43,0.12,0
397,50,124927,93,48,115,2,34,0.06,0
398,53,44711,40,11,32,10,7,0.09,0
399,39,91852,60,51,631,0,48,0.31,0
400,24,103260,13,52,177,1,16,0.02,0
401,38,81894,17,25,592,1,25,0.16,1
402,18,79672,31,59,12,9,14,0.09,0
403,38,119085,91,57,646,8,1,0.01,0
404,51,98439,51,36,229,8,39,0.47,0
405,39,125138,9,40,54,6,0,0.18,0
406,20,149876,19,41,157,7,42,0.45,0
407,29,140692,99,20,560,11,46,0.24,0
408,65,25851,81,12,15,4,31,0.49,0
409,29,77163,88,51,622,10,41,0.07,0
410,54,124660,24,1,488,5,27,0.19,1
411,26,33422,4,38,332,9,30,0.12,0
412,63,48601,48,31,207,1,28,0.37,0
413,61,65509,86,31,276,2,38,0.12,0
414,25,27545,59,12,212,5,4,0.28,1
415,71,132980,50,31,681,2,46,0.09,0
416,25,124765,93,26,630,6,18,0.03,0
417,39,127818,18,33,190,10,16,0.44,1
418,37,44056,50,20,63,6,29,0.39,0
419,57,74861,21,34,76,10,41,0.4,0
420,40,72184,42,53,493,7,18,0.5,0
421,63,80971,46,7,415,10,5,0.43,1
422,68,133356,6,20,377,10,35,0.03,0
423,53,138178,52,50,623,9,24,0.14,0
424,35,31573,20,27,105,8,21,0.21,0
425,51,72889,97,31,257,3,37,0.47,0
426,26,63707,35,1,244,10,6,0.01,0
427,70,84816,48,16,241,8,48,0.37,0
428,33,48637,51,11,154,6,28,0.03,0
429,28,87148,29,22,71,9,12,0.09,0
430,36,98426,79,5,563,4,19,0.12,0
431,45,42633,11,2,587,2,16,0.22,0
432,35,53163,69,45,618,5,10,0.45,0
433,44,99431,72,47,208,11,15,0.43,0
434,57,32502,42,43,528,10,29,0.16,0
435,18,124075,57,11,543,10,44,0.49,0
436,26,69593,1,19,297,6,31,0.03,0
437,31,99374,26,52,540,2,3,0.03,0
438,42,53758,67,59,400,4,33,0.24,0
439,30,132997,82,31,691,2,27,0.17,0
440,67,147295,93,41,108,3,1,0.43,0
441,52,49566,93,40,22,1,11,0.01,1
442,21,120943,82,54,469,3,5,0.44,1
443,50,138985,27,24,57,9,49,0.14,0
444,44,29685,26,58,347,5,6,0.4,1
445,35,108893,27,46,481,3,3,0.01,0
446,29,31995,83,21,36,3,8,0.46,0
447,19,43534,67,33,331,4,48,0.41,0
448,55,36460,1,47,26,4,0,0.29,1
449,55,68065,55,34,392,9,5,0.42,1
450,72,117368,51,29,633,6,21,0.4,0
451,66,95692,61,36,391,1,21,0.43,0
452,27,44531,17,57,636,11,8,0.34,0
453,45,41595,55,7,73,9,4,0.48,1
454,37,104560,1,1,346,2,28,0.29,0
455,61,35047,89,51,436,7,45,0.35,1
456,68,128266,83,11,209,10,25,0.24,0
457,38,59300,17,54,152,1,33,0.49,1
458,20,128759,1,5,194,4,6,0.01,1
459,65,88932,63,13,296,1,15,0.37,0
460,26,55312,7,37,591,11,7,0.12,0
461,38,45378,49,40,324,8,29,0.34,1
462,66,95141,63,5,661,6,32,0.09,0
463,28,70721,31,34,494,11,34,0.17,0
464,50,43908,20,19,64,8,21,0.34,1
465,63,64554,8,8,302,0,13,0.2,1
466,20,83017,55,13,619,10,32,0.33,0
467,40,47633,43,9,215,1,23,0.32,1
468,21,74259,93,48,38,11,38,0.06,0
469,59,97926,60,13,321,7,6,0.35,1
470,46,101607,92,45,352,10,40,0.14,0
471,71,51454,80,23,94,2,45,0.21,0
472,33,26049,76,22,560,1,29,0.26,0
473,70,47772,96,46,252,7,43,0.19,0
474,63,91345,39,44,602,2,45,0.13,0
475,56,114942,26,4,9,10,36,0.08,0
476,27,140947,36,39,337,0,41,0.31,1
477,59,111407,23,32,231,0,41,0.38,1
478,59,114624,18,1,542,3,37,0.1,0
479,54,50823,4,14,112,10,40,0.3,0
480,58,135653,26,23,238,11,9,0.07,0
481,30,51698,71,30,104,2,4,0.32,1
482,52,51575,7,1,527,8,32,0.15,0
483,54,54242,71,42,349,6,30,0.18,0
484,40,88215,55,55,506,8,10,0.34,0
485,23,99622,77,11,196,3,45,0.23,0
486,33,71745,61,54,402,8,41,0.22,0
487,21,29694,49,32,458,0,27,0.15,0
488,55,53452,94,26,226,8,27,0.41,0
489,68,142078,87,42,221,3,8,0.15,0
490,40,37895,86,11,342,5,9,0.32,0
491,64,124934,55,18,448,0,9,0.03,1
492,32,28012,62,13,368,1,32,0.46,1
493,54,77677,75,14,163,4,10,0.48,0
494,37,137311,75,46,603,8,22,0.09,0
495,68,108612,68,14,578,6,17,0.22,0
496,62,25548,82,18,159,9,44,0.05,0
497,55,66231,86,5,529,3,9,0.21,1
498,64,51832,32,10,644,1,42,0.43,0
499,41,28245,58,38,70,4,45,0.3,1
500,23,129981,62,38,588,3,6,0.07,0
501,42,108714,53,14,108,5,7,0.48,0
502,29,134205,59,33,639,0,28,0.28,1
503,44,134597,26,25,332,0,37,0.04,1
504,71,142252,14,22,105,3,9,0.18,0
505,52,129814,10,46,508,10,45,0.07,0
506,34,90852,17,41,248,8,4,0.44,1
507,59,68821,74,4,524,11,41,0.2,1
508,37,98777,84,18,490,11,41,0.25,0
509,52,147183,78,30,17,10,18,0.42,1
510,68,146748,34,11,352,9,29,0.28,0
511,28,91836,95,10,175,5,41,0.02,0
512,22,86140,18,32,367,1,10,0.04,0
513,21,123286,11,39,533,0,19,0.09,0
514,22,72950,22,47,116,11,34,0.34,0
515,58,103146,1,58,394,11,44,0.31,1
516,25,135639,9,56,636,5,38,0.18,0
517,60,119728,36,26,124,3,11,0.16,0
518,66,123887,34,40,671,4,12,0.04,0
519,20,58302,55,8,409,0,46,0.03,1
520,57,95822,91,57,101,7,43,0.32,0
521,74,140469,99,57,314,7,43,0.4,0
522,28,85173,83,11,61,3,29,0.25,0
523,26,121664,19,18,624,4,42,0.34,0
524,47,40118,20,18,695,1,25,0.22,0
525,22,134648,44,17,234,6,26,0.03,0
526,18,94638,37,13,109,4,38,0.0,0
527,70,118852,89,34,496,0,13,0.4,0
528,67,41690,96,14,659,11,7,0.43,1
529,41,82382,56,23,361,0,5,0.49,1
530,38,77798,65,40,389,9,18,0.15,0
531,47,125216,16,1,240,9,15,0.37,0
532,49,146476,99,23,254,8,6,0.37,0
533,66,120023,6,46,548,2,47,0.33,0
534,67,41878,41,2,558,0,41,0.41,1
535,66,105999,41,45,602,2,11,0.48,0
536,60,50642,30,2,173,5,39,0.1,0
537,40,51819,11,49,463,2,30,0.36,0
538,48,139387,94,27,194,7,31,0.21,0
539,68,127731,37,42,690,7,26,0.41,1
540,18,54790,95,32,309,2,14,0.46,1
541,52,35660,31,45,222,3,39,0.47,1
542,38,104039,75,49,285,4,44,0.38,0
543,33,107192,4,4,503,1,48,0.46,0
544,38,43301,46,53,157,0,27,0.06,1
545,35,77546,52,13,410,3,37,0.05,0
546,28,59568,46,8,402,1,21,0.21,1
547,18,67477,27,15,394,2,34,0.36,0
548,18,57936,70,48,119,3,2,0.4,1
549,52,25642,82,32,496,3,11,0.42,0
550,53,96851,63,59,398,6,3,0.07,0
551,73,60359,29,40,344,5,40,0.34,0
552,72,96749,69,8,79,9,24,0.28,1
553,46,88560,30,2,328,9,19,0.08,0
554,59,101256,1,26,591,11,47,0.24,0
555,53,77903,87,14,204,6,31,0.39,0
556,39,60198,39,1,293,9,9,0.08,0
557,56,74811,82,29,206,1,38,0.45,0
558,63,60047,67,52,245,11,38,0.08,0
559,42,67904,66,6,8,3,38,0.04,0
560,40,70227,41,40,119,3,48,0.18,0
561,41,31885,2,25,37,4,36,0.39,0
562,46,30052,5,9,144,4,16,0.39,0
563,69,76285,21,23,231,7,44,0.43,0
564,29,65112,96,49,598,7,14,0.09,0
565,74,28958,89,44,674,1,45,0.11,0
566,29,138204,66,41,313,4,45,0.1,0
567,71,70435,51,22,288,4,34,0.1,0
568,40,149065,72,11,336,11,42,0.21,0
569,46,50309,90,47,93,2,30,0.5,0
570,54,70706,7,28,319,4,37,0.34,0
571,20,61286,47,13,359,10,48,0.17,0
572,47,128354,5,20,83,11,47,0.48,1
573,57,60576,65,2,496,3,17,0.28,0
574,59,106555,31,50,220,11,38,0.02,0
575,72,109569,19,56,43,8,17,0.04,0
576,60,147517,1,5,618,6,7,0.28,0
577,26,147203,76,37,408,0,44,0.1,1
578,56,84604,85,32,386,4,5,0.13,0
579,44,61590,40,26,305,2,8,0.19,0
580,35,135103,92,9,268,9,45,0.3,0
581,34,85931,48,4,570,2,8,0.47,0
582,25,48834,98,12,308,1,23,0.04,0
583,72,49169,3,51,647,3,35,0.46,0
584,74,140478,31,1,493,4,11,0.22,0
585,71,120078,63,42,472,11,4,0.16,1
586,22,114626,36,1,547,9,49,0.14,0
587,64,139142,96,22,406,10,20,0.18,0
588,21,117245,69,33,273,4,23,0.21,0
589,66,50033,73,11,528,2,37,0.2,0
590,41,113923,20,48,61,7,29,0.42,0
591,64,144106,2,15,145,3,25,0.17,0
592,46,131343,95,29,343,5,35,0.12,0
593,62,62463,69,51,568,0,48,0.47,0
594,54,100838,7,45,97,1,27,0.39,1
595,49,46366,95,45,19,5,26,0.01,0
596,66,93043,72,8,624,3,19,0.28,0
597,58,140555,28,42,213,10,21,0.31,0
598,39,52118,91,31,507,4,33,0.07,0
599,18,72378,74,30,351,5,11,0.17,0
600,46,44231,93,15,276,10,13,0.09,0
601,25,64648,41,53,495,3,42,0.04,0
602,61,145911,43,22,285,6,33,0.26,0
603,44,70564,39,8,560,6,29,0.04,0
604,23,73492,9,41,535,8,34,0.23,0
605,30,140306,75,14,570,0,32,0.24,0
606,19,68940,95,4,470,5,14,0.3,1
607,39,68806,52,35,8,4,10,0.43,0
608,43,95031,22,43,549,6,46,0.01,0
609,70,102583,96,55,455,7,30,0.09,0
610,67,63283,26,51,442,6,23,0.33,1
611,43,67697,70,33,247,3,28,0.21,0
612,72,108491,95,45,434,4,47,0.09,0
613,39,132152,46,18,651,8,4,0.09,0
614,56,109273,32,26,435,3,47,0.09,0
615,61,120392,55,3,184,4,31,0.46,0
616,74,75828,93,52,164,7,12,0.19,0
617,55,141174,84,43,453,5,40,0.29,1
618,43,69555,57,52,149,9,37,0.29,0
619,22,130151,35,17,693,7,38,0.38,0
620,47,84549,30,24,62,5,35,0.24,0
621,40,27723,61,42,509,8,28,0.19,0
622,50,134010,24,49,18,9,25,0.36,0
623,40,98744,88,39,616,10,24,0.16,0
624,52,27477,24,28,491,10,43,0.05,0
625,28,122429,42,24,26,11,46,0.5,1
626,31,61856,67,3,409,0,38,0.47,0
627,53,26907,83,22,444,7,17,0.23,0
628,51,116481,14,24,285,5,41,0.36,0
629,56,124490,7,53,32,7,14,0.41,0
630,57,134108,9,5,587,6,7,0.19,0
631,66,145522,81,50,687,3,8,0.09,0
632,34,110083,71,54,31,4,4,0.08,0
633,22,30241,27,29,430,6,43,0.44,0
634,41,83037,62,57,212,8,41,0.5,0
635,18,135353,89,37,678,5,21,0.22,0
636,36,139631,38,51,283,5,46,0.49,1
637,27,38334,77,7,89,5,43,0.24,0
638,24,130958,66,21,185,5,27,0.23,0
639,35,48855,9,10,456,4,7,0.13,0
640,20,136100,9,57,154,2,24,0.28,0
641,32,94723,39,59,239,1,31,0.2,0
642,64,62891,42,6,650,11,39,0.43,0
643,20,86001,70,37,79,0,42,0.48,1
644,49,67969,46,17,133,5,22,0.36,1
645,26,32694,97,58,162,6,11,0.22,0
646,31,143349,25,48,628,3,36,0.18,0
647,46,108753,22,24,79,0,44,0.49,1
648,59,92016,11,31,447,8,41,0.34,1
649,44,33040,97,12,26,5,7,0.31,0
650,57,36750,19,6,446,7,8,0.0,0
651,36,120390,26,44,462,9,6,0.49,1
652,38,88079,75,26,327,11,7,0.17,0
653,41,27324,84,10,586,9,4,0.25,0
654,73,44688,24,4,565,11,38,0.08,0
655,46,91896,71,47,208,0,43,0.48,0
656,46,149640,17,59,533,1,18,0.44,0
657,33,35585,9,8,111,8,25,0.2,0
658,63,43627,78,43,60,11,0,0.4,1
659,51,143917,53,15,432,0,11,0.5,0
660,18,104031,8,8,370,0,44,0.44,0
661,19,148105,82,6,84,3,18,0.05,0
662,42,48688,67,38,25,11,9,0.04,0
663,57,86661,65,1,540,7,31,0.17,0
664,54,25781,6,57,697,1,13,0.24,1
665,60,105111,74,33,298,0,29,0.12,1
666,65,73120,37,59,566,4,20,0.08,0
667,40,83862,52,11,81,7,18,0.12,0
668,61,146136,16,14,533,4,21,0.48,0
669,19,88527,34,44,298,10,33,0.4,0
670,38,65171,53,52,684,2,0,0.08,0
671,26,38616,47,43,492,7,4,0.21,0
672,41,96782,49,48,6,0,40,0.42,1
673,64,141253,52,29,89,10,22,0.14,0
674,69,134793,57,49,117,9,15,0.26,0
675,45,39860,45,53,468,0,37,0.14,0
676,53,109537,16,43,183,7,46,0.46,1
677,32,144464,19,3,29,8,31,0.26,0
678,40,116768,65,33,227,7,37,0.15,0
679,70,145715,54,13,261,7,17,0.37,0
680,43,142825,72,7,408,8,5,0.12,0
681,71,123901,54,54,101,1,12,0.13,1
682,73,73347,80,34,402,6,42,0.46,0
683,43,121297,59,7,485,3,20,0.45,0
684,64,52868,67,48,648,7,32,0.09,0
685,48,149513,42,48,257,2,37,0.05,0
686,60,92969,2,53,232,5,40,0.44,0
687,30,72372,56,40,385,8,33,0.22,0
688,64,115073,55,52,132,6,39,0.39,0
689,63,36398,21,15,578,9,10,0.17,0
690,41,125271,79,16,22,9,14,0.03,0
691,56,42531,78,37,219,2,0,0.06,0
692,74,68402,32,55,273,8,37,0.23,0
693,42,133086,94,25,173,7,47,0.37,0
694,40,41537,91,14,198,7,6,0.46,0
695,45,40229,44,7,49,11,47,0.16,0
696,20,143227,68,41,605,10,37,0.21,0
697,68,61566,72,18,266,4,44,0.36,0
698,36,123513,14,46,434,4,33,0.35,0
699,61,35288,83,20,60,10,6,0.39,0
700,55,31822,87,26,690,8,47,0.37,0
701,35,119429,99,56,142,4,29,0.26,1
702,70,116515,70,59,366,3,44,0.38,0
703,35,99336,21,35,520,4,44,0.22,0
704,22,132516,40,11,550,3,31,0.39,0
705,43,51182,68,30,360,3,6,0.23,0
706,47,104737,78,31,28,11,48,0.06,0
707,29,144932,15,9,503,7,42,0.4,0
708,55,111224,20,23,560,7,3,0.08,0
709,49,105056,44,19,387,1,10,0.27,1
710,21,136949,39,26,644,1,34,0.37,1
711,48,89270,94,50,151,0,7,0.32,1
712,31,36777,17,48,381,10,31,0.28,0
713,23,149958,8,20,575,11,31,0.49,0
714,74,62073,48,49,622,0,4,0.13,0
715,57,118154,99,54,284,6,37,0.25,0
716,18,84233,80,1,618,0,24,0.37,0
717,60,130531,33,37,140,8,22,0.49,1
718,62,115739,85,47,499,9,25,0.12,0
719,74,71528,76,43,258,2,22,0.02,0
720,33,72187,58,32,277,7,21,0.4,0
721,71,64530,57,6,289,6,32,0.32,1
722,54,127044,97,48,268,7,6,0.22,0
723,62,139949,35,1,111,1,49,0.46,1
724,31,110140,82,24,236,3,15,0.49,0
725,50,93435,69,58,150,9,29,0.19,0
726,70,51664,10,58,585,1,8,0.21,0
727,73,88425,47,41,47,2,27,0.28,0
728,50,116962,15,10,618,2,19,0.19,0
729,72,107477,77,4,500,5,32,0.22,0
730,29,52983,1,59,527,6,48,0.12,0
731,61,110775,59,48,198,11,10,0.42,0
732,19,129501,33,39,193,1,42,0.22,1
733,50,148985,11,37,584,3,14,0.45,0
734,57,62641,39,8,566,1,14,0.41,1
735,24,124097,63,59,125,11,32,0.25,0
736,66,72393,38,5,25,0,11,0.1,1
737,21,122154,92,54,339,2,3,0.01,0
738,56,87073,11,42,281,9,13,0.14,0
739,73,68558,98,4,578,2,45,0.41,0
740,48,74408,92,47,301,5,5,0.28,0
741,22,104324,78,51,651,7,2,0.39,1
742,45,98536,41,23,470,10,28,0.05,0
743,58,91696,10,55,143,9,36,0.38,0
744,48,91685,26,35,200,2,41,0.49,1
745,44,52014,31,7,123,10,1,0.01,0
746,64,57476,56,2,576,4,0,0.07,1
747,73,145176,61,15,597,6,7,0.43,0
748,59,100356,22,4,306,9,6,0.19,0
749,72,100488,95,53,252,3,16,0.16,0
750,69,134777,27,23,552,2,15,0.42,0
751,44,146813,62,12,387,6,31,0.44,0
752,45,65161,25,25,342,5,18,0.5,0
753,43,62511,44,22,74,8,36,0.13,0
754,20,92716,24,30,171,10,49,0.29,0
755,39,38893,81,51,322,1,32,0.05,0
756,62,28388,6,24,456,2,45,0.25,0
757,38,148439,47,10,32,5,24,0.42,0
758,28,119949,16,47,211,1,2,0.17,1
759,67,85958,97,58,573,8,43,0.26,0
760,51,63193,77,2,137,4,36,0.33,0
761,55,105349,74,8,48,1,35,0.04,0
762,62,126236,21,33,18,2,40,0.14,0
763,67,28583,48,52,183,10,27,0.18,0
764,36,66825,57,40,400,1,40,0.46,0
765,63,85798,2,3,466,7,1,0.35,0
766,35,79149,61,15,320,4,18,0.31,0
767,73,91008,44,43,344,4,10,0.12,0
768,64,49637,11,54,559,0,47,0.43,0
769,35,110504,78,9,275,4,2,0.11,1
770,52,108495,57,57,286,3,8,0.38,0
771,26,40248,57,10,14,5,48,0.14,0
772,72,31480,66,20,401,11,41,0.47,0
773,31,79840,13,1,485,9,2,0.03,0
774,65,94964,11,20,335,4,38,0.06,0
775,23,54654,11,19,584,3,3,0.45,1
776,40,137707,51,16,546,4,7,0.08,0
777,58,44540,50,11,46,7,3,0.29,0
778,69,75308,75,11,220,7,31,0.18,0
779,36,77742,42,5,296,2,34,0.29,0
780,19,57421,68,26,315,6,5,0.31,1
781,63,59766,74,39,121,6,36,0.24,0
782,71,87196,53,7,327,2,43,0.25,0
783,50,48174,25,9,697,6,35,0.37,0
784,70,134959,38,8,416,1,43,0.09,1
785,69,116142,79,15,469,9,40,0.35,0
786,25,116951,35,26,489,2,28,0.02,0
787,22,25869,32,33,676,1,47,0.39,0
788,47,125404,75,37,439,5,13,0.2,0
789,30,105289,99,5,684,11,30,0.34,0
790,54,133206,81,13,370,4,15,0.07,0
791,18,26867,72,20,697,5,12,0.48,1
792,55,89792,85,22,305,8,33,0.46,1
793,20,137126,87,45,82,2,28,0.44,0
794,65,48600,56,49,240,7,18,0.41,0
795,39,102754,65,36,396,4,31,0.38,0
796,40,139810,49,22,149,6,29,0.01,0
797,27,82853,87,52,249,5,49,0.23,0
798,48,71701,83,21,331,7,5,0.1,0
799,40,132755,51,42,512,10,16,0.04,0
800,73,132471,29,6,290,10,45,0.35,0
